Country Name,Country Code,1970,1971,1972,1973,1974,1975,1976,1977,1978,1979,1980,1981,1982,1983,1984,1985,1986,1987,1988,1989,1990,1991,1992,1993,1994,1995,1996,1997,1998,1999,2000,2001,2002,2003,2004,2005,2006,2007,2008,2009,2010,2011,2012,2013,2014,2015,2016,2017,2018,2019,2020
Australia,AUS,,96.54105,,95.15404,94.52301,97.27922,98.30379,99.97696,99.98407,99.97685,99.95414,99.90612,99.093,98.11419,96.30331,96.34697,97.0215,97.57306,98.24894,98.36512,97.97447,97.38874,97.15609,96.73898,96.43436,94.99609,95.40056,94.98368,94.91501,94.54912,94.48531,93.95538,94.02894,95.01722,95.375,95.675,95.78078,96.55403,96.67832,96.81221,97.10396,97.67766,97.98651,97.48417,97.13516,97.10963,96.7724,96.4991,,,
Albania,ALB,,,,,,,,,,,,,,,,,,,,,,,,,,,,,,96.79354,95.38335,93.86551,,91.69871,90.92345,,,,86.78701,85.34118,85.95611,86.99052,89.53195,95.41897,97.59204,97.79873,97.65542,97.77841,97.44221,,
Algeria,DZA,,,,67.87061,71.78052,74.18978,76.1599,77.72608,78.77859,78.87035,79.98721,80.25392,79.92768,79.26301,80.29434,80.65069,81.81824,83.14107,84.25691,85.33525,85.87007,87.60795,88.70739,88.22298,88.16877,88.39232,87.9189,87.36391,,90.05305,90.74774,92.74897,93.90213,94.35822,95.08431,95.39817,95.64397,95.89073,97.26895,98.99715,98.92068,99.08721,,,,,,99.48537,99.6475,,
Angola,AGO,,,,,,,,,,,,,45.19862,42.53922,,,,,,,,,,,,,,,45.34669,,,,,,,,,,82.44691,81.2593,81.90919,81.59927,,,,,,,,,
Antigua and Barbuda,ATG,,,,,,,,,,,,,,,,,,,,,,,,,,,,,,,,,,,,,,97.35554,97.58825,,96.3281,95.97518,94.87391,,93.73436,97.63492,,97.55055,99.3101,,
Argentina,ARG,95.12735,,,,96.62253,96.32775,,,,,,,,,,,,95.45755,,,,96.1759,,,,,,100,99.7343,99.62729,99.35688,99.43632,99.45558,99.42561,99.13676,99.34854,99.52115,99.65259,99.52275,99.51247,99.13102,99.21521,99.26778,99.44548,99.7727,99.83682,99.4496,99.48052,,,
Armenia,ARM,,,,,,,,,,,,,,,,,,,,,,,,,,,,,,,,,87.1312,85.53043,,88.61333,92.21765,97.07957,,,,95.15386,96.41176,96.5881,94.12688,93.03258,92.49744,92.31421,90.843,,
Aruba,ABW,,,,,,,,,,,,,,,,,,,,,,,,,,,,,,98.01382,98.24184,96.62665,95.40839,93.97484,94.77636,97.97892,98.6602,98.91579,99.10333,96.0174,98.91975,,,,99.29199,,,,,,
Austria,AUT,,90.95584,90.16531,88.81081,87.91742,87.62543,87.04474,,,,,,,,,,,,,94.2875,,,,,,,,,,90.24,91.24983,90.30978,88.3725,87.47428,87.70214,87.84051,88.24742,88.19702,87.79193,87.46642,87.39116,87.19339,88.42921,88.4241,88.73989,88.62591,88.8771,88.64471,,,
Azerbaijan,AZE,,,,,,,,,,,,,,,,,,,,,,96.17142,96.14938,91.32005,83.26495,84.66302,93.50836,90.12694,88.72601,92.1411,88.23962,85.4634,84.91034,83.3463,84.28326,83.95354,83.77201,83.45841,83.98751,85.5189,84.72605,87.26808,89.29003,93.67068,94.8121,94.26275,94.96529,97.93103,92.61575,,
"Bahamas, The",BHS,,100,99.90995,96.35086,99.34907,100,98.85311,,,,97.22125,100,,,95.93899,,,,,,,,88.52849,88.8667,92.60562,,,,,91.06984,,,,,89.40616,90.66472,86.51424,87.28796,86.09097,82.08308,80.65799,85.85102,80.16219,74.89342,75.62908,79.96521,75.50359,,74.38987,,
Bahrain,BHR,,76.33968,79.20479,80.26908,81.86211,85.28601,82.12487,82.11388,80.05571,80.69142,82.3983,81.99603,80.6088,83.25855,86.6106,91.05123,96.14373,95.51585,98.27366,99.0614,,99.4111,97.01005,98.02282,97.93377,99.114,99.858,99.60053,99.94225,99.73968,97.89263,94.85629,94.75889,93.38639,92.87957,90.1977,91.89263,,,,,91.89966,92.75377,93.77229,95.768,98.02753,97.90026,98.72605,98.10484,,
Bangladesh,BGD,51.62585,,,72.03309,,,76.7823,73.18313,72.14783,,,68.55957,,65.58304,64.46519,62.89953,62.08812,61.20893,71.93169,71.90344,74.92288,,,,,,,,,,,,,,,97.24423,96.74066,,95.72411,95.86042,94.9566,,,,,,,,,,
Barbados,BRB,,86.44477,88.06389,88.73368,,,98.82915,98.32617,98.22735,98.87614,,94.60567,94.4972,96.31603,,,,,,99.69313,97.58751,,89.72294,,,,,,,97.18269,95.55437,94.6152,91.93415,91.68133,90.48611,90.27004,92.07418,94.77144,98.75138,97.23732,94.97605,93.48965,,,93.48471,95.84843,98.03848,96.55139,98.38821,,
Belarus,BLR,,,,,,,,,,,,,,,,,,,,,,,,,,88.16409,,,,,,100,99.33446,99.46826,92.13567,90.16126,90.17427,90.03092,,,91.39466,91.01664,94.27956,93.52767,93.43187,94.25545,96.35791,95.9291,95.20914,,
Belgium,BEL,,,,,,,,96.29779,,97.62043,98.15498,97.04024,97.12267,93.98158,93.29294,92.87257,94.30415,95.68513,96.89028,,,96.53405,95.09398,97.66637,97.04167,97.07828,97.5397,,,99.13221,99.19199,99.1812,98.94533,97.96697,96.35918,95.99092,96.3076,97.24514,97.84119,97.77166,97.52697,97.6514,97.99151,98.02977,97.97358,98.38347,98.66219,99.11352,,,
Belize,BLZ,,,,,,,,,,,,,,,,,,,,,,,,,,,,,,99.21574,96.34834,93.52843,,93.85438,95.43717,95.02931,95.67751,95.26155,96.26669,97.14145,98.03297,97.67031,99.54131,98.82235,99.2171,99.28398,99.24787,99.35225,99.01278,,
Benin,BEN,,,,,,,,,,,,,,,50.10471,50.83997,48.90028,,48.44376,48.92716,39.50607,,49.21298,53.21355,54.48041,56.8919,59.11845,62.47886,,,,,,84.60479,87.73149,83.75604,86.81449,,90.1357,94.2321,94.92278,94.8091,95.50633,,96.36058,,,97.03352,97.21103,,
Bermuda,BMU,,,,,,,,,79.41537,77.38169,,,,,86.69732,88.72524,,,,,,,,,,,,,,,,,,,,97.46259,,,,,,96.26612,92.71386,,,,,,,,
Bhutan,BTN,,,,,,,,,22.03288,24.83532,,,,,,,,,,,,,,,,,,,53.94555,54.85842,57.64125,60.31058,,,,70.22971,74.30881,,80.37733,85.16719,87.53027,88.95249,91.47498,90.94823,,90.13416,89.71099,89.69917,90.06547,,
Bolivia,BOL,,,,,,,,,,,,,,,,,,,,,,,,,,,,,95.86253,95.99743,96.41673,96.30042,96.51171,96.68407,96.354,96.42277,96.43571,96.20668,94.91023,97.1906,94.39305,91.85201,88.39177,88.0242,87.94434,88.70123,89.84267,91.48686,93.18324,,
Botswana,BWA,48.97655,45.47383,46.83257,49.92005,54.27965,61.02754,65.59571,69.79238,70.47779,71.93308,76.10508,80.6789,,85.62017,86.37615,88.6703,89.85557,90.76857,91.24606,91.89309,91.56383,93.73882,93.09434,92.69135,92.66993,83.12641,83.61821,,86.18052,85.21012,86.08761,87.44805,87.57104,87.66034,88.60405,87.80573,88.81535,88.45019,85.99029,85.5554,,,88.25972,,,,,,,,
Brazil,BRA,,,,,,,,,,,,,,,,,,,,,,,,,,,,,,98.07272,,98.85493,96.72741,94.29506,95.58531,96.07993,,92.47411,98.53831,96.58508,,95.69718,98.54993,97.32389,97.4362,96.85231,97.20202,97.55117,,,
Brunei Darussalam,BRN,,,,,,,,89.63365,89.75917,80.04534,79.89489,76.09079,74.54283,75.85916,76.84005,,80.08959,,,,,89.85875,91.66947,94.30621,94.42407,97.98266,,,,,,,,,,,,,,97.22446,,,96.74419,97.23998,96.5768,96.49142,96.68663,96.14464,96.07682,,
Bulgaria,BGR,,,,,,,,,,,,,,,,,,,,,,,,,,,93.93516,95.0039,97.46041,97.58017,97.09026,97.10991,96.03343,96.28332,96.96116,95.79106,96.76806,99.52181,99.66652,99.30125,99.50947,99.49688,97.18578,95.3372,94.00772,91.9879,89.46126,88.08615,,,
Burkina Faso,BFA,,10.0546,10.48779,,,,,12.55795,13.02682,13.5189,14.30845,15.32438,16.8141,18.08002,19.42905,21.48462,23.48546,25.13819,25.62197,25.91472,,27.18227,27.70352,28.68706,29.91303,31.53515,,,34.98034,35.51457,36.7463,37.77186,36.72142,39.04855,41.14892,45.97286,49.62343,54.95361,61.00304,63.89452,,64.89106,66.07414,66.97207,68.30377,69.95995,75.85293,77.00507,79.34168,,
Burundi,BDI,,,,18.59082,,,,,17.14554,,18.70052,20.57046,23.85651,29.98929,34.70884,38.96946,41.46913,46.5633,49.16317,,,,,49.06123,,,,,,,41.44158,50.27606,49.53727,52.98084,54.62652,57.85952,74.51539,81.83971,92.44863,90.75957,95.49752,,,,,,,95.54934,93.4166,,
Cabo Verde,CPV,,,,,,,,,,,,89.59942,88.15434,85.11353,91.68477,94.56526,95.87482,97.08417,99.55368,,99.20278,,,,99.14782,,,,99.82899,,99.56229,97.28274,96.97873,96.13641,95.22005,96.12108,97.00636,97.39093,96.55235,95.75413,94.75945,93.46983,93.8087,93.21409,93.27274,93.38192,92.86026,92.98582,93.52897,,
Cambodia,KHM,,,,,,,,,,,,,,,,,,,,,,,,,,,,83.10079,84.95569,86.89278,93.16555,,,98.06397,,,94.83255,95.88748,94.81747,,93.61728,,97.40673,,95.34509,95.56259,92.97896,90.8034,90.69029,,
Cameroon,CMR,,64.2588,63.21244,61.48078,59.38192,65.97186,67.44146,66.16026,67.51747,68.46152,68.67653,,,,,,,,74.10155,,73.17901,71.2428,,,,,,,,,,,,,,,,,84.41215,87.01492,,88.72421,94.0902,,94.763,95.19802,94.493,92.87395,,,
Canada,CAN,,,,,,,,,,,,,96.09216,95.82713,95.25873,95.10443,95.41775,95.48426,95.48272,95.72394,95.73245,98.30903,98.06502,96.43984,95.88897,94.75944,95.69298,,99.15291,99.92808,99.92051,,,,,,,,,,,,99.45167,99.43231,99.39113,99.58907,99.95587,,,,
Central African Republic,CAF,,50.21698,52.78938,55.08126,,,,51.47923,51.41989,,,56.61351,58.42162,60.29616,,,63.54782,52.83386,50.48016,50.49021,59.56512,54.79732,,,,,,,,,,,,,,47.62176,47.84438,55.57831,64.14315,64.27065,,64.17063,,,,,,,,,
Chad,TCD,,,,,,24.17626,,24.70997,,,,,,,,,,,33.31495,,,,,,,,37.29169,42.63793,47.79499,49.70123,51.36792,52.57533,56.06618,57.60047,,,,,,,,62.38415,,78.13257,,79.35908,73.4665,,,,
Chile,CHL,,,,,,,,,,,,,,,,,,,,,,,,,,,,,,,,,,,,,,95.54645,96.10264,94.51682,95.47992,94.82224,94.53819,93.687,93.45821,93.47354,94.04385,94.77589,,,
China,CHN,,,,,,,,,,,,,,,,,,92.8452,94.5802,96.13547,96.87553,96.82433,95.8694,94.73328,93.10675,91.30103,90.04399,89.34889,,,,,,,,,,,,,,,,,,,,,,,
Colombia,COL,,,,,,,,,,,,,72.869,,71.16851,70.04073,68.0572,68.84319,68.74748,68.86982,,71.93849,79.96265,80.63068,81.36268,84.46672,89.27669,,95.15108,96.34386,96.76601,94.8532,95.91679,,94.55713,97.36612,96.31078,95.70891,,,,,95.24385,92.79763,92.90561,96.38124,95.42469,97.34596,97.75807,,
Comoros,COM,,,,,,,,,,,,,,87.33049,,,83.48228,75.62852,,,,,,,69.22219,,,,,61.04319,67.49473,,,,,,,79.17413,,,,,,86.71476,82.7174,,,84.18473,81.73896,,
"Congo, Dem. Rep.",COD,,69.31444,67.56063,,,70.22047,,,,73.19495,,,,75.68216,76.29949,,,,64.55159,,,61.43332,59.74284,58.69954,59.8877,67.86944,,,,36.80411,,,,,,,,,,,,,,,,,,,,,
"Congo, Rep.",COG,,,82.75873,,89.02264,,91.71364,,95.16705,95.42693,87.30894,86.29629,86.91915,87.41115,88.67924,,,,,,,,,,,,,,,,,,,,,51.82475,55.27637,,,,86.245,,89.29422,,,,,,,,
Costa Rica,CRI,85.47143,,87.99677,89.38068,,90.45446,92.63459,,91.58518,90.11473,90.0067,90.38827,88.50526,,,85.62774,86.46311,86.5685,,86.84742,86.79922,87.26552,89.03262,89.38238,88.44138,89.54187,91.47044,,,,,,,,,,,,,,,99.43417,99.46534,98.89928,97.21585,97.81775,98.36736,96.55127,97.40817,,
Cote d'Ivoire,CIV,,,,,,,,50.85929,,,,,,,,,,,,,,49.10346,49.3883,,,,54.68437,55.69958,,57.5195,56.50839,60.60849,60.66286,56.0829,,,,,,55.83834,,,,68.27574,72.85662,76.73595,86.90249,88.60837,93.69235,,
Croatia,HRV,,,,,,,,,,,,,,,,,,,,,,,,,,,,,83.99954,92.57827,93.90671,96.16543,98.28153,99.73383,,98.94433,98.92718,98.86815,97.20316,91.49942,94.75687,96.97216,98.57631,98.27228,98.40374,98.49112,97.85166,97.9936,,,
Cuba,CUB,,,93.86251,95.14198,95.97773,,,,,98.66038,97.77162,95.07437,93.56775,93.37664,91.76272,90.04994,90.46027,92.09755,92.01383,92.23341,91.9294,91.62777,93.92801,94.79615,97.06529,96.89418,98.80478,98.59347,98.64079,99.38004,99.56287,99.57259,99.75433,98.53063,98.08077,97.15545,96.23339,97.09571,97.00971,98.54049,99.16357,98.74034,97.99625,97.98416,95.07011,94.08411,94.53374,95.68529,97.84442,,
Cyprus,CYP,,79.73376,78.37997,78.27648,77.64639,71.21885,68.99792,68.07847,68.85246,69.57221,68.73242,71.21244,67.93621,68.09789,68.37382,69.16519,73.80319,77.85594,79.33486,79.45967,78.82103,79.15245,77.36127,97.62945,96.91663,96.213,96.11728,96.28477,,97.99126,98.06997,97.5396,98.50694,98.63524,98.76019,99.66204,99.52019,99.34184,98.96124,99.14474,99.2851,99.28009,98.17635,97.49437,97.13529,97.82834,97.0838,97.77608,,,
Czech Republic,CZE,,,,,,,,,,,,,,,,,,,,,,,,,,,,,,89.06554,,,,,,,,89.22807,88.6485,88.93261,88.90553,88.01214,88.25749,87.97057,88.12456,88.69953,88.80417,89.35757,,,
Denmark,DNK,,,,,,,,,,,,95.47403,96.29635,98.00094,98.96528,98.77726,98.68262,98.86003,98.97548,97.79877,97.68508,98.25418,97.43151,96.96003,98.68842,98.27815,98.14876,,99.44284,99.78754,98.10583,99.84693,99.86065,,98.25845,96.15496,96.50242,97.05026,96.51105,96.43092,96.27071,97.75173,98.23712,98.64626,98.35909,98.68864,99.0209,98.86326,,,
Djibouti,DJI,,,,,,,,,,,,,,,,25.13891,26.71036,26.89379,26.77046,26.73386,27.19719,27.2619,28.46114,26.21071,27.08583,28.14266,28.11271,27.03833,,26.86259,27.03563,29.71355,31.34215,,35.30679,,39.88965,43.9415,48.01862,47.98952,,58.5606,,58.87689,67.529,60.7187,57.24558,59.96579,62.10696,67.02502,
Dominica,DMA,,,,,,98.52012,92.87918,92.51731,,86.81742,85.95189,84.34806,87.72838,,,,,,,,,,,,,,,,,,98.3451,92.80762,94.44293,92.1144,90.36291,87.91784,86.82763,83.08997,83.93383,91.3626,,98.82664,,,,,97.98016,,,,
Dominican Republic,DOM,,,76.02281,,,,,,,,,,,,,,,,,,,,,,,,,,,84.99825,86.10226,,92.74606,89.83362,84.60371,86.01771,84.15028,90.15731,86.59027,95.30545,94.77342,94.69471,93.69395,93.401,91.68219,95.53493,95.13993,94.3396,93.86741,,
Ecuador,ECU,,79.53869,,80.0407,80.97535,80.34071,80.7904,83.90445,85.77794,88.93417,87.55129,,,,,,,,,,,,,,91.98211,92.52188,93.75276,96.26485,96.70436,96.46883,97.06899,98.41587,99.19177,99.12592,,97.90248,98.50055,99.09378,94.52771,98.13321,98.34545,98.21353,97.92038,98.0594,97.85115,98.16284,98.06549,98.03402,97.5804,,
"Egypt, Arab Rep.",EGY,,65.011,65.41723,65.24742,,,,,66.92664,,,,,,,,,,,,,,,,87.3875,,,89.25208,,87.03368,88.71319,89.51582,90.3736,91.28832,,92.39762,89.64569,94.16692,,95.62902,97.74411,95.64312,98.53698,,98.94022,,98.64429,98.59325,98.45783,,
El Salvador,SLV,64.90084,,,,,,,,,,,,,,,,,,,,,,,,,,,,81.97803,,90.9739,91.42963,93.12007,93.12703,,96.56531,96.49188,95.83065,95.95292,96.00262,96.08011,95.56687,94.50516,91.64358,89.15295,86.61827,85.17199,80.96574,81.60033,,
Equatorial Guinea,GNQ,,,,,,,,,,,,,,,,,,,,,,,,,63.93221,,,,,,65.47315,72.16857,69.7981,67.67795,,,,,47.10148,45.87645,45.07741,46.07595,47.39401,,,44.34574,,,,,
Eritrea,ERI,,,,,,,,,,,,,,,,,,,,,,,29.11171,,32.91022,34.33193,36.58888,37.35682,,45.58128,53.25711,56.43181,64.825,73.05602,78.8857,83.66313,85.37455,79.29883,74.9038,69.75328,65.47023,68.26769,70.32085,64.55161,63.45906,60.04856,,52.25595,51.8316,,
Estonia,EST,,,,,,,,,,,,,,,,,,,,,,,,,,87.03452,90.60952,,99.22158,,,,,,,,,,,,99.11009,99.64202,99.62533,98.43758,94.38091,93.72162,93.68565,93.93227,,,
Eswatini,SWZ,57.9649,57.77068,59.79657,62.81896,63.84233,66.19718,67.11695,68.1626,68.19032,68.717,70.26351,72.37708,71.49324,69.97579,69.97716,71.29293,70.4673,71.17124,70.90343,70.43201,72.41227,72.87263,74.33011,74.13622,76.18171,79.10908,78.57436,,,,,,,,,,,,,82.0736,87.86639,89.41311,88.33795,84.57806,85.37085,84.30768,84.37134,82.59389,,,
Ethiopia,ETH,,,,,,,,,,,,,,,,,,29.42184,29.97445,28.70256,,,,,19.18834,21.94671,26.19184,,33.66542,36.1702,40.27072,44.56625,46.8104,47.54802,50.34928,61.18754,65.75849,70.93256,76.57609,76.13867,74.19156,78.06719,79.24993,,85.7378,85.19824,,,,,
Fiji,FJI,,,,,,,,,,,,,,,,,,,,,,,96.64656,,97.00467,95.49888,93.14733,93.57705,94.55807,94.26094,94.87509,97.95979,99.21103,99.36104,99.15376,,99.12584,99.60494,99.32028,99.12058,,99.23266,99.07498,99.13365,,99.11664,99.4431,,,,
Finland,FIN,,,81.14138,,,,,,,97.03223,,,,,,,,,,,,,,98.75371,98.63792,98.31477,98.36753,98.71485,99.48253,99.83826,99.73543,99.75645,99.39526,98.67927,97.74542,97.34612,96.81107,97.4139,97.85486,98.0157,98.30938,98.57445,99.10306,99.11242,99.43563,99.20198,99.12044,98.6897,,,
France,FRA,,97.3487,97.27084,97.31155,97.57172,,96.81501,96.94516,,98.94168,99.29482,98.85366,97.61584,95.46911,,94.87775,97.61482,99.88708,99.84556,99.85966,99.91749,99.98827,99.21937,97.83304,97.79167,98.94106,99.94659,99.9391,,96.57289,96.18632,96.09347,96.04528,95.82227,95.78781,99.23101,99.26235,99.18236,98.74538,98.38524,98.01978,99.03727,98.91622,98.91152,98.15483,98.99877,99.37467,99.468,,,
French Polynesia,PYF,,,,,,,,,,,,,,94.84164,94.59014,93.30883,,,,98.65302,99.62628,,,99.34081,,99.58108,99.38568,,,,,,,,,,,,,,,,,,,,,,,,
"Gambia, The",GMB,,20.92524,20.81935,22.07092,22.54759,23.69834,25.22417,29.18221,31.7409,35.70421,40.40406,48.89858,52.95195,56.37778,58.14528,60.93532,60.64459,,,,49.01772,,47.82232,51.04922,,,58.232,,58.89308,67.98373,64.5223,64.28849,62.1224,65.33112,65.77435,63.87335,68.63829,70.6714,66.6445,,67.89345,67.30464,70.27827,70.03975,69.82179,75.91325,77.65176,80.15436,81.80852,,
Georgia,GEO,,,,,,,,,,,,,,,,,,,,,,,,,,91.41798,98.29222,99.86955,,,,,,,94.62166,93.91598,92.8764,99.34911,98.5977,96.9221,,97.59425,98.77982,99.55879,99.31588,99.73715,97.95282,99.24104,99.21379,,
Germany,DEU,,,,,,,,,,,,,,,,,,,,,,,,,,,,,,86.86843,86.46473,82.93565,84.71067,84.99832,86.23536,87.06885,88.43977,88.84199,88.43606,88.17263,89.06942,88.75173,88.52846,88.18981,88.13653,89.44014,90.62417,90.35417,,,
Ghana,GHA,,,,,,,,,,,,,,,,,,,,,,,,,,,,,,59.79537,67.9238,62.47613,66.49101,65.83247,,70.60912,72.72937,78.03132,83.63321,84.10467,,92.02687,91.21756,,,,,85.74174,85.00771,86.69982,
Gibraltar,GIB,,,,,,,,,72.74156,71.14635,,71.02273,73.52637,,,,,,,,,,,,,,,,,,,,,,,,,,,,,,,,,,99.70191,,,,
Greece,GRC,,91.89007,92.33958,93.45366,95.04823,95.40773,95.60764,95.05127,94.34745,93.37635,91.72432,93.2125,93.42299,94.2614,94.1936,94.07422,93.17156,90.95459,91.72147,91.19082,90.8961,90.62979,88.94075,87.30481,86.98576,88.64463,88.44979,89.63678,97.02981,97.85824,99.11835,97.67905,97.63761,97.43913,96.97461,95.94704,95.73373,95.52686,,,96.81343,96.95325,97.73128,97.49025,96.53303,97.32526,97.94221,98.22037,,,
Grenada,GRD,,,83.78448,,,,,97.65401,98.77285,98.48642,95.90462,91.17594,88.06265,88.10934,90.56162,,,,,,,,,,,,,,,99.7502,,,99.18575,,99.67625,96.52311,,98.8071,98.73716,,,,,,,,,,99.23558,,
Guatemala,GTM,45.95251,47.12064,47.8403,,49.11799,50.10291,,,52.317,52.81906,54.64924,57.53732,54.64903,58.17684,,,,,,,,,,,,,,71.03313,,80.79316,83.54524,82.77562,86.05956,,90.71364,92.28014,93.91345,95.05148,95.04337,97.99573,,,,89.9423,88.09642,87.80667,87.19765,88.19802,89.21348,,
Guinea,GIN,,,,,,,,,,,,,,,24.83169,27.59924,25.54254,23.66751,24.57839,24.47122,23.80892,25.84697,,,,,,,40.86318,43.00455,45.75882,48.92625,55.94373,59.10019,61.84531,63.59582,65.57848,67.55235,66.59745,67.9527,70.28759,74.37522,74.17666,75.47206,79.30492,,78.08732,,,,
Guinea-Bissau,GNB,,,,,,,,,,,,44.68078,53.60749,,50.50885,49.97589,,41.01244,39.54844,,,,,,,,,,,,49.18684,,,,,,,,,,72.66824,,,,,,,,,,
Guyana,GUY,,86.85752,88.05772,,90.53286,,86.89338,91.75515,,88.68043,,,88.87672,,,,,,,,,91.87291,89.64668,88.06664,,89.89822,88.43708,,,,,,,91.33466,,,,,96.6475,91.64029,95.70231,97.3912,97.28117,,,,,,,,
Haiti,HTI,,,,,,,,,,,36.70574,37.70189,43.19618,47.48522,44.07646,49.18699,51.36301,42.54737,,,,,,,,,,58.11227,,,,,,,,,,,,,,,,,,,,,,,
Honduras,HND,,,,,,,,,71.81882,75.19104,75.63177,,85.80698,87.31887,88.30769,,88.13968,,,,,86.26625,,87.56326,,,,,,,85.74906,,,90.41757,90.92946,86.30756,89.88248,84.49307,87.56264,86.38392,87.47124,87.69119,84.39327,80.15938,79.92251,78.42569,79.95579,80.47058,,,
"Hong Kong SAR, China",HKG,,88.46549,89.63404,89.60049,91.10855,92.74867,93.85348,95.10725,94.6876,95.07646,99.23593,98.9472,98.2008,97.83636,97.16339,96.0005,,,,,,,,,,93.90261,93.80741,,,,,,,,,,,,,,,,99.27739,99.25178,98.96994,98.58053,97.17614,96.54356,96.26568,,
Hungary,HUN,,,,,,,,,,,,,,,,,,,,,,,,,91.54598,90.50608,78.42221,87.00003,98.38445,98.609,96.8381,97.57593,98.04089,95.93472,95.57372,96.36239,96.97437,96.16023,97.01813,97.50267,97.27224,96.63328,96.1399,96.78749,96.96363,96.37729,96.86899,96.50686,,,
Iceland,ISL,,,,,,,,99.1299,,,,,,,,,,,,,,,,,97.33665,,97.9898,98.47849,99.51725,98.89011,98.91577,99.25604,99.28735,98.28539,96.62122,96.82525,97.32263,98.14066,99.22781,99.72259,99.30476,98.78802,98.24204,98.10257,98.21974,98.6384,99.51819,99.92112,,,
India,IND,,61.04195,,,,,,,,,,,,,,,,,,,77.12007,,,,,,,,,,83.85499,83.79816,83.6246,88.46232,,,,96.78945,96.84171,95.53715,96.12032,95.71761,96.98764,97.73768,,,,,,,
Indonesia,IDN,,70.05028,71.18559,,70.91468,73.36134,76.27509,78.66262,85.4446,,,90.12354,96.03236,97.42245,97.70897,97.82536,97.21808,98.05198,97.76875,97.87723,96.23255,95.32152,94.45806,93.25455,93.78734,93.61081,92.51603,92.46189,,,,96.15226,95.45687,94.9515,94.2013,93.25168,94.59911,96.9568,96.09268,96.83722,97.25383,96.83061,95.94703,93.72643,93.17534,,93.62147,94.9388,94.37668,,
"Iran, Islamic Rep.",IRN,,59.36177,,,,,,,,,,,,,83.18713,83.3176,84.19432,84.43713,85.16197,85.4723,91.44414,,95.09933,,,,,91.55973,,85.45824,86.16734,,97.12907,96.04654,97.76144,95.32962,95.87482,95.22357,,97.80043,96.64524,96.7942,98.02288,98.80368,99.62784,99.76909,99.7847,99.77089,,,
Iraq,IRQ,,57.12095,59.67378,62.28035,64.72418,64.5203,72.53122,73.82683,75.4489,89.96211,93.51063,92.72885,,88.39691,,87.40411,88.10204,89.86442,90.97534,89.92145,,,,78.60533,,,76.13983,,,90.0423,88.89713,,,94.37695,92.99956,,,,,,,,,,,,,,,,
Ireland,IRL,,97.7837,97.02108,97.22484,96.06486,95.8424,95.95459,95.94391,95.83157,95.02001,93.77915,91.9501,89.98083,88.43755,,,87.04801,87.66118,88.55462,89.00253,89.36873,88.84745,87.95219,87.58849,87.64264,87.94268,88.80624,,99.76707,99.90151,99.95917,99.81717,99.78042,99.98098,99.90806,99.74148,99.88266,99.82496,99.92555,99.97364,,,99.75201,99.54467,99.58676,99.95062,99.97016,99.88462,,,
Israel,ISR,,,,,,,,,,,,,,,,,,,,,,,,,,,,,,97.60344,97.85012,98.31112,97.98884,98.0774,97.65851,97.54599,97.06853,97.29765,97.26942,96.9691,97.38332,97.01667,97.66493,97.25985,97.05817,97.555,97.05013,97.32018,,,
Italy,ITA,,,,99.4926,,,98.38009,,,99.50328,,,,,,99.00927,,,,,,,,,,97.06267,98.22957,99.13519,,99.88312,99.68455,99.56583,99.44093,99.38412,99.39126,99.17106,99.08382,99.1077,99.10081,99.17129,99.29683,99.05555,99.46236,99.63949,98.89812,98.26567,97.69825,97.24291,,,
Jamaica,JAM,,,,,,95.1505,92.50368,92.97177,,96.48257,96.50106,96.40776,,97.44464,96.24322,95.49819,95.70327,97.76091,94.64053,98.10415,97.36788,95.72525,,92.6702,,,,,,91.38463,92.8489,92.86926,92.07298,90.81578,92.80977,,,,,,,,,,,85.39281,84.39417,82.8713,81.38229,,
Jordan,JOR,,,86.81429,92.31774,94.64391,95.026,95.67765,96.54132,97.41195,96.9744,91.70795,89.5602,89.26891,86.61166,86.37609,87.18402,,,,,,,,,,,,,,90.49774,91.29915,,93.14824,94.38457,94.61694,93.65153,91.91763,89.35883,86.68014,,80.77937,78.34933,75.45445,74.93616,,,,80.21221,80.95397,,
Kazakhstan,KAZ,,,,,,,,,,,,,,,,,,,,,,,,,,,,,,,94.65791,99.91369,99.80758,99.58806,99.67903,99.66846,99.21087,98.8374,99.88557,99.87726,99.63631,99.21992,99.36022,99.33655,99.4457,99.84772,99.71618,99.0986,98.93539,98.77294,
Kenya,KEN,,,,,,,,,,,,,,,,,,,,,,,,,,,,,,61.56729,64.3069,65.44286,60.18054,71.27634,69.48951,70.2094,69.36324,79.20838,75.50401,77.0691,,,81.23006,,,,,,,,
Kiribati,KIR,,,,,,,,,,98.70816,,99.72842,,99.35027,99.42015,98.81427,97.42141,94.38566,,98.42166,,99.72754,99.93898,98.85377,99.04853,98.29672,98.31647,99.11476,,,,,,,,,,,,,,,,,98.64791,97.44464,98.23962,96.08751,,,
"Korea, Rep.",KOR,,95.91674,97.544,96.80779,96.44532,96.7839,97.68954,96.78439,97.12083,98.75101,99.96693,99.94785,99.81309,99.7587,99.13846,98.57461,98.27344,99.4696,99.88403,99.88231,99.77703,99.73981,99.57954,99.35196,99.00819,98.51563,98.24344,98.55368,,,,,,,,99.67971,,,,,,,97.97067,95.46515,95.90315,98.53611,97.26558,97.54773,,,
Kuwait,KWT,,61.4527,64.17983,67.56446,68.77779,70.01025,71.41738,76.11513,85.02354,83.31411,81.73304,82.62142,83.57238,86.09256,87.42429,88.99564,88.7421,83.47732,81.90468,,,,46.99573,,67.96727,,89.25154,88.84661,94.83562,94.70629,91.30349,90.85288,93.45248,92.68112,94.39939,92.70689,,97.6507,98.59062,,99.00833,99.46206,98.76138,98.04184,97.95931,,96.64405,91.66328,88.23607,,
Kyrgyz Rep.,KGZ,,,,,,,,,,,,,,,,,,,,,,,,,,,92.24185,,,93.29008,92.73983,93.54751,93.53155,93.28828,97.87541,95.54665,96.78934,95.80297,95.27029,94.55799,95.17601,94.89982,97.41253,98.42115,98.09046,98.08164,98.47782,98.52371,98.66818,,
Lao PDR,LAO,,,,,,,,,,,,,,,,,,,64.94106,,64.66251,,57.91432,62.72608,66.45433,,68.4371,70.95232,74.27794,74.94703,75.85907,75.377,76.5676,79.17625,79.84852,81.105,82.62215,85.23456,87.67267,89.97949,94.60536,94.33115,94.32175,96.23668,96.5434,94.89325,94.00376,92.48614,91.46712,,
Latvia,LVA,,,,,,,,,,,,,,,,,,,,,,,,,,,,,,98.52165,,,,,,,,,98.60436,97.69003,97.96421,97.96811,97.18176,96.74439,96.45821,96.48701,96.79255,97.10907,,,
Lesotho,LSO,59.06959,55.25332,55.88081,56.20799,63.82574,,64.22977,64.86645,58.41162,59.36104,59.45404,59.55338,63.38954,62.79703,63.57605,65.65393,65.38437,66.51564,67.28966,66.35433,65.08796,66.2798,66.34746,64.00362,64.91882,63.89581,64.10472,,57.26608,54.48613,74.70101,76.52747,79.17065,81.89657,82.19904,84.07836,86.43179,84.86278,86.58138,87.21236,89.22799,89.4223,89.6563,86.90283,87.8859,89.23853,91.20179,,,,
Libya,LBY,,78.53004,86.42805,91.07185,93.34071,93.85791,95.3972,95.92914,93.31368,,96.87382,96.76456,,98.05978,,,,,,,,,,,,,,,,,,,,,,,,,,,,,,,,,,,,,
Liechtenstein,LIE,,,,,,,,,,,,,,,,,,,,,,,,,,,,,,,,,,99.22854,99.43185,94.14293,98.85167,98.90215,99.2176,98.5204,99.18492,98.69724,98.47929,,97.49867,99.80767,99.31079,,,,
Lithuania,LTU,,,,,,,,,,,,,,,,,,,,,,,,,,,,,96.23871,98.08958,97.92808,98.16344,98.09469,98.24975,98.36907,98.64627,98.90073,99.00255,99.20387,99.16689,99.29394,99.38888,99.34688,99.66988,99.7484,99.75232,99.74473,99.60231,,,
Luxembourg,LUX,,,91.13997,89.97293,92.19333,91.25173,90.88845,90.30083,89.93416,,,78.88961,84.37641,83.11006,81.7267,,81.77756,78.59312,84.90042,,,,,,,,,,,97.3414,97.10292,96.74021,96.99932,95.87842,96.52098,97.75731,98.25596,98.35198,97.58941,,95.23915,94.61378,95.7448,95.4975,96.36439,97.99135,98.79947,98.35886,,,
"Macao SAR, China",MAC,,,,,,,,,,,,,,,,,,,,,90.26463,,85.43809,,,,,,,87.52764,86.66079,84.33981,84.90325,84.95148,85.38228,85.54091,85.22112,86.24522,86.09209,84.5324,83.85307,84.6512,85.58427,87.17839,90.94936,94.22006,96.77011,96.80779,96.4155,,
Madagascar,MDG,,,67.12427,,,,,,,,,,,,,,,,,65.70634,64.25489,,,,,54.71095,56.91976,,,64.92244,66.39113,67.65507,68.41789,78.08813,,,,,,,,,,,,,,,96.86561,,
Malawi,MWI,,,,,,,,,,,,,,,,,,,,,,,,,,,,,,98.0555,,,,,98.46028,98.46048,97.90171,95.11364,97.83902,98.22784,,,,,,,,,,,
Malaysia,MYS,87.01569,86.73464,87.76241,,,,,,,,,,,,,,,,,,,,,,97.25382,,,,95.78351,95.61761,98.41488,97.81452,96.5906,97.09317,99.37525,99.59294,95.4107,95.11282,95.06773,95.86919,96.23306,,98.54356,99.66427,99.8924,99.51663,,,,,
Maldives,MDV,,,,,,,,,,,,,,,,,,,,,,,,,,,,93.6832,,95.91014,97.09403,98.10726,97.86437,,99.69924,97.66382,97.84865,97.26555,96.86625,,,,,,,96.276,96.29823,95.42582,,,
Mali,MLI,,17.0148,17.69783,18.06894,20.54241,,,20.67197,,,,,,,,,,,,,,,,,,,,,,44.04091,,,51.62062,51.59715,51.60521,56.65099,57.96729,60.112,,,68.27944,69.26966,67.05216,62.60635,63.47074,60.63998,62.13872,67.335,58.94142,,
Malta,MLT,,81.74528,80.65459,79.04926,79.80385,82.54714,87.84803,92.99412,96.59267,97.5818,95.23039,93.51677,93.45978,91.87235,93.0423,96.3909,95.96401,94.78961,94.60263,95.16844,95.79924,95.92238,95.84772,96.16136,94.97511,95.91519,97.45467,98.34696,,,,,,,,,,,,,,99.17215,99.75805,99.51892,98.94093,98.98471,98.46075,99.55322,,,
Marshall Islands,MHL,,,,,,,,,,,,,,,,,,,,,,,,,,,,,,,,,99.45585,,,,,,,,,94.11373,,,,73.46722,74.5278,,,,
Mauritania,MRT,,,,,,,,,,,,,,,,31.52037,,,,,,,,,46.50189,52.80779,56.18374,,59.85097,59.53931,60.07356,63.83337,63.6185,67.00579,74.23278,72.9321,75.5663,76.53467,73.02265,72.31564,72.70981,73.2563,72.0454,74.81042,76.94485,,73.48295,78.31999,80.30889,,
Mauritius,MUS,,,77.95204,78.48824,79.07802,80.05568,80.1124,83.59573,81.3039,78.6053,79.26057,82.57425,88.51138,91.63173,94.81689,99.90822,98.41281,99.64917,99.45495,99.32785,97.1773,92.62251,,92.76294,93.73893,94.68318,96.98175,97.90364,95.87979,92.75756,93.22731,92.75219,94.33415,93.72392,94.39046,96.02008,96.03757,96.515,96.67636,96.5883,96.50869,96.74543,93.79022,96.08616,96.52258,96.27653,95.33664,96.18162,94.99232,,
Mexico,MEX,,80.76854,,,,,,88.42588,,,,,,,,99.74285,100,100,99.10194,96.63541,98.37444,98.00907,98.24972,97.81289,97.01748,96.53171,96.06523,96.07538,96.73013,99.75729,99.8354,99.76405,99.69272,99.64344,99.61885,99.61853,99.74528,99.53468,99.55953,99.80355,99.7295,99.61604,99.56089,99.49125,99.38286,99.3177,99.21367,99.16952,,,
Moldova,MDA,,,,,,,,,,,,,,,,,,,,,,,,,,,,,,,92.56074,95.58655,95.96393,96.63888,96.6291,93.372,90.63448,90.0117,90.46353,90.03386,90.10514,90.5779,90.52817,90.57991,90.00175,89.94997,90.03561,89.71414,89.78655,,
Mongolia,MNG,,,,,,,,,,,96.48373,,,93.73482,,,,94.44538,,,,,,,,81.0813,84.63128,85.10677,88.81156,90.70832,92.86049,94.21754,93.14444,85.97644,92.85244,93.28593,97.9442,97.74011,98.17242,96.47395,97.65084,98.0403,97.47327,95.08334,95.29553,96.79701,98.72633,98.85288,98.69302,,
Montenegro,MNE,,,,,,,,,,,,,,,,,,,,,,,,,,,,,,,,,,100,,100,100,96.21284,96.07922,,,98.51218,96.26782,,,94.77612,93.73702,96.14284,96.87095,,
Morocco,MAR,,36.86046,37.95453,38.30772,,41.20807,44.13876,47.72865,50.99459,53.43977,56.10223,58.7991,59.14966,61.50494,64.02097,62.73205,60.98054,58.98187,57.27868,55.17983,56.02291,55.67112,56.17062,58.30964,60.944,63.7744,66.10001,67.70415,66.98136,71.91763,76.69353,80.56958,84.7244,86.00713,86.75596,87.56886,88.34578,89.67433,90.28557,89.88029,92.74532,93.68978,93.00842,94.36711,93.72925,,,96.94964,99.15589,,
Mozambique,MOZ,,,,34.21934,,,,,,38.51612,,36.49733,36.18197,50.22197,,52.72202,51.72821,48.17184,44.23221,44.62412,46.33302,44.54734,42.71635,41.55607,42.6137,44.85301,,,49.58684,53.24219,57.01518,61.50827,57.07028,,70.24087,75.39277,79.27081,84.40163,87.67972,88.70999,89.97482,87.68879,87.93646,89.12473,89.91204,91.51459,90.76644,89.87354,93.92934,,
Myanmar,MMR,,60.75705,,68.00962,58.77535,,,,64.29396,,,,,,,,,,,,,,,,,,,,,,89.72516,90.8385,88.72686,90.53915,89.08456,88.82624,88.61108,88.95978,89.83805,88.9333,89.00709,,,,96.1312,,,97.66256,98.0528,,
Namibia,NAM,,,,,,,,,,,,,,,,,,,,77.33518,77.48139,,80.40888,,82.40323,83.30346,82.85373,84.27459,86.59733,87.38986,89.32258,91.26871,93.46211,93.76981,91.53549,91.70713,88.98242,91.69404,91.39408,,92.92948,,96.35213,98.21459,,,,98.13524,98.14776,,
Nepal,NPL,,,,,,,,,,,,,,58.93883,60.13256,,,,66.07108,,,,,,,,,,,65.86436,72.11046,,,79.86805,80.51963,,,,,,,99.33229,99.91032,,98.99553,98.34165,98.32872,96.47713,,96.2984,
Netherlands,NLD,,92.7428,92.10748,91.52476,90.77491,90.61832,91.53545,91.88208,92.35679,92.91357,93.01502,92.43034,90.40533,88.4294,87.10393,86.56236,92.05286,93.89636,95.44371,95.9975,95.82034,95.1169,94.15866,93.53313,98.9616,99.2071,99.38737,99.66541,,,,,,,,,,,,,,,,,,,,99.02854,,,
New Zealand,NZL,99.97071,99.78223,99.90039,99.49733,99.44087,99.55984,99.66491,99.57774,99.44377,99.42159,99.47348,99.32086,99.21189,98.83112,99.50991,99.57958,99.76006,99.86021,99.89206,99.83033,99.52082,98.98018,97.55025,,97.15521,98.51207,98.97884,99.75817,,,,,,,,,,,,,,,,,97.48362,97.73031,98.52583,99.17788,,,
Nicaragua,NIC,52.06735,54.531,54.09324,54.69262,54.63455,56.6575,58.06063,57.32422,55.43254,,64.11736,,62.73692,63.16497,61.61274,65.61814,64.41338,65.90944,66.02713,64.23941,66.6239,69.14372,72.50935,73.33611,74.38078,72.81064,72.33616,,,82.20031,85.15372,88.96001,95.81954,,99.19312,99.38332,97.60819,97.36224,98.12464,,96.31971,,,,,,,,,,
Niger,NER,,,,10.60855,11.13558,,,15.12498,16.14387,,,19.20413,,,,,23.33992,,,22.57018,22.9095,23.5063,21.42369,,,,,24.02891,24.37682,26.1318,26.89543,30.5249,34.11674,37.82524,41.31954,41.3199,42.64247,43.81249,,,55.14722,59.88326,61.1721,60.83162,60.86362,62.49335,63.57047,66.48804,,,
Nigeria,NGA,,,,,,,,,,,,,,,,,,,,,,,,,,,,,,63.11272,66.17986,,,,67.924,68.36617,68.82653,71.66882,64.89473,65.9868,65.98292,,,,,,,,,,
North Macedonia,MKD,,,,,,,,,,,,,,,,,,,,,,,,,,,,,91.52067,91.29531,97.70197,94.86286,93.74603,92.58005,92.91026,94.39764,92.35763,91.46441,90.74566,91.96401,95.30565,,89.71004,88.62747,89.23011,91.7157,,95.72853,,,
Norway,NOR,,97.57643,98.13283,,,,99.68327,99.63729,98.98856,98.64032,99.17534,98.38561,98.13591,,97.36034,96.36161,96.39425,97.00972,97.64546,98.65822,99.73067,99.95669,99.6479,98.66806,98.39621,98.19121,98.26481,84.19146,99.7356,99.79454,99.70516,99.76034,99.72673,99.85574,99.35243,98.5115,98.59501,99.07673,99.26473,99.15591,99.08012,99.40241,99.68671,99.86067,99.82749,99.77225,99.8062,99.88251,,,
Oman,OMN,,,,13.31087,18.88167,26.28963,27.2474,,34.77876,37.80752,,42.8799,45.48745,48.5464,54.95535,57.36973,63.22959,65.4702,64.82394,65.9663,67.16301,68.2343,69.59741,72.95787,74.20158,75.65553,78.29453,79.0198,81.17622,,,,,,,,,,,,,98.84849,97.51398,97.949,97.61963,97.56094,98.5996,97.87145,95.46999,,
Pakistan,PAK,,,,,,,,,,,,,,,,,,,,,,,,,,,,,,,,,55.29802,56.7235,64.20929,66.9366,60.78372,64.82106,64.9296,65.44091,65.98301,63.07016,62.69421,67.3957,65.75982,61.53027,66.01372,65.48858,68.18916,,
Palau,PLW,,,,,,,,,,,,,,,,,,,,,,,,,,,,,,,,,,,,,,,,,,,,96.7551,95.25102,,,,,,
Panama,PAN,74.30772,82.43436,85.01582,87.09446,,88.80241,88.47768,,90.59886,89.17121,88.11547,86.77832,85.80853,84.67357,84.44922,85.02362,84.99681,85.78162,84.95178,86.41496,86.60642,,,,,,,,,93.12762,94.87504,96.15982,98.30693,,98.59393,98.15664,98.75749,98.69901,97.59261,94.57315,96.24658,95.14136,94.75698,93.05661,90.58017,87.74289,,86.78174,,,
Paraguay,PRY,79.76394,,70.376,81.46099,,78.96045,80.08288,81.03834,82.71852,83.98334,86.10981,87.98265,,88.35086,87.90906,87.79023,86.71118,87.43822,89.01053,90.83886,92.56517,94.48361,85.7437,95.5992,90.99687,90.71599,93.89767,,,97.69587,99.10632,98.9054,97.19796,96.69653,96.20498,96.56064,95.03927,93.15223,91.4732,90.10333,88.55404,89.8409,87.83929,,,,,,,,
Peru,PER,75.33835,,,79.31982,,,,,,,83.43804,88.26209,89.06594,,,94.67306,,,90.5601,,,,,90.02087,,84.90604,84.5073,84.03117,96.9401,98.33462,99.14459,99.44727,99.52684,98.03598,99.25454,99.26109,99.21478,99.25682,99.26272,98.68156,99.32155,99.18032,93.94488,96.36661,95.03941,96.4863,99.56785,98.88371,98.50107,,
Philippines,PHL,,,,,,,96.79226,,,96.17531,,93.15358,93.16523,91.57376,90.89301,94.43847,93.83803,94.10697,96.14788,97.64527,,,95.62759,94.67716,93.04913,,95.75706,,91.8589,88.98721,,89.66531,90.10381,90.4052,89.79918,88.98452,87.2988,87.45617,88.52589,90.32579,,,,,,95.57779,94.85361,95.02535,,,
Poland,POL,,,,,,,,,,,,,,,,,,,,,,,,,,,,,,96.92873,96.72471,96.46141,95.55196,94.61351,93.81738,93.20494,93.27956,93.37601,93.51897,94.21491,94.71317,94.789,95.57338,96.16873,96.11359,,,97.15992,,,
Portugal,PRT,,,,88.57117,88.57643,,92.76964,93.78195,96.23891,,95.78357,96.30122,,,97.95416,99.44769,99.64446,99.51097,,,99.71056,98.83127,99.62446,99.7306,99.01193,99.47725,99.57584,,,,97.5364,,,,,99.27002,99.06166,,,99.37086,99.48771,99.02747,99.11596,98.97895,98.56395,97.59877,96.88158,97.71146,,,
Puerto Rico,PRI,,,,,,,,,,,,,,,,,,,,,,,,,,,,,,,,,,,,,,,,,90.03191,86.70075,87.08987,86.49538,85.54503,83.68389,78.79343,,,,
Qatar,QAT,,80.70289,85.34965,86.66789,85.83138,,88.73072,90.29278,94.33573,95.85604,96.03279,94.89939,95.50819,93.79216,93.73757,91.64042,92.50014,89.30112,88.22938,87.43423,85.70748,81.15871,78.30968,77.18153,81.71496,,,,97.3632,98.55649,96.05048,97.0438,97.80247,96.02781,95.56771,98.62724,93.30744,99.60109,,96.29757,,99.36415,97.92666,,93.57728,96.17885,97.23088,97.77522,98.19449,,
Romania,ROU,,,,,,,,,,,,,,,,,,,,,,,,75.42095,83.35864,88.25397,89.609,89.62818,93.26019,90.64489,90.57431,90.88313,93.7875,97.4968,98.9322,98.72153,96.43218,96.38199,96.21719,96.45166,96.15625,95.5897,94.38487,,,89.5262,87.4854,85.70889,,,
Russian Federation,RUS,,,,,,,,,,,,,,,,,,,,,,,,,96.84388,93.30283,,,,,,,,,,,92.77496,93.54264,94.84622,96.37231,,97.27381,97.34299,97.52974,95.36349,96.625,97.33678,97.83826,,,
Rwanda,RWA,,,,55.11011,53.02749,50.6319,,54.07666,56.30217,,,,,,,,,,,,,,,,,,,,,85.69036,,,81.17581,85.50278,,,,,,,,,,,,,98.84059,96.9315,95.28152,,
San Marino,SMR,,,,,,,,,,99.45962,98.86059,,,,96.74281,97.05152,92.08443,87.7749,83.46304,84.25617,85.91451,89.47368,92.20679,93.5867,92.72,,87.57764,88.70229,,,85.05826,,,,93.89214,,,,,,,,,,,,,,,,
Sao Tome and Principe,STP,,,,,,,,,,,,,,94.08665,94.1886,,,88.17954,89.87444,,92.81329,,,,,,,,,80.06161,,,95.47684,96.70422,98.09663,98.11974,,89.70146,90.73016,91.22308,90.71119,,,88.50731,88.84537,88.67936,,93.9669,,,
Saudi Arabia,SAU,,,,,,,,,,43.67837,,,,,,,,,,,,,,,,,,,,,,,,,,,,,,,97.13673,97.12834,99.85199,97.8325,,97.37547,97.54549,95.77996,95.10772,,
Senegal,SEN,,,,,,,,,30.79668,33.37273,34.55714,35.8958,37.68492,39.6866,40.5414,41.26483,45.90351,,46.55237,45.73823,44.89651,,44.35208,,45.11194,,49.56361,53.91847,56.60291,55.59791,58.84139,,,65.72499,63.68501,64.73382,67.71381,70.19788,71.15573,70.99994,72.03371,72.72349,75.88096,74.79015,75.526,75.44459,73.53294,76.46058,,,
Serbia,SRB,,,,,,,,,,,,,,,,,,,,,,,,,,,,,,,,,,,,99.70359,99.86248,98.92292,98.55264,96.54704,94.91872,97.37802,96.35285,96.34152,98.58827,99.20623,99.16856,98.56031,98.22264,,
Seychelles,SYC,,,,,,,,,,84.07459,,,,,,,,,,,,,,87.91142,90.87542,91.67187,92.07684,,99.45175,,98.3664,91.1512,98.7726,99.42743,99.36374,99.32237,,,,,,,,95.25222,94.46217,95.22018,94.62863,92.80506,92.85742,,
Sierra Leone,SLE,,,,,,,,,,,,,,44.55386,,,,,,,,,,,,,,,,,,,,,,,,,,,,,95.90938,,,97.7963,98.96839,,,,
Singapore,SGP,,,,,,,,,,,,,,,,,,,,,,,,,,,,,,,,,,,,,,,,,,,,,,,99.98961,99.96919,,,
Slovak Republic,SVK,,,,,,,,,,,,,,,,,,,,,,,,,,,,,,,,88.11465,85.39091,83.62337,82.29628,83.07414,85.20776,87.00122,87.18159,85.77593,84.17013,83.31807,84.23709,84.59785,83.91976,82.6023,82.21387,83.15362,,,
Slovenia,SVN,,,,,,,,,,,,,,,,,,,,,,,,,,92.8819,94.64365,95.33336,97.72131,96.59741,95.68477,96.32554,97.03101,97.9726,99.595,99.85478,99.94571,99.22909,99.32999,99.29284,99.3642,99.67041,99.59997,98.43886,98.22269,98.28673,98.18158,98.31049,,,
Solomon Islands,SLB,,,,,,,,,,,,,,,,,,,,,,,,,,,,,,,,,,,,75.41847,80.43241,80.6085,,,,,,70.554,70.22557,70.59233,,,67.47257,,
Spain,ESP,,93.21163,94.54709,95.47561,,99.46797,99.90722,99.15999,98.59984,98.68616,99.15964,99.18396,,99.58957,99.75934,99.79266,99.8015,99.20641,98.60385,99.23004,99.22275,99.66298,99.65,99.98866,99.98101,99.95766,99.94339,99.93531,,,,,,,,,99.83884,,,,,,,99.60787,99.52396,99.4684,98.85537,97.34257,,,
Sri Lanka,LKA,,,,,,,,78.47999,,,,,,,,,98.17965,,,,,,,,,,,,,,,99.88005,99.92302,99.61839,96.84556,97.19208,96.65802,96.2707,95.40908,93.20634,94.84982,94.98098,95.23607,96.50756,97.41952,99.06271,99.06007,99.28454,99.27348,,
St. Kitts and Nevis,KNA,,,,,,,,,,,,,,,99.34794,85.92058,88.38511,,98.74378,98.91371,,,,,,,,,,,,,95.08106,98.06917,97.66086,99.61376,,97.69257,96.74882,,97.60143,,99.67999,99.27571,97.11111,,96.216,,,,
St Lucia,LCA,,,,,,,,,,,,92.27485,94.20892,99.05795,98.73902,100,100,,,,97.30896,,,,,,,,,,90.66634,91.08683,98.33543,97.0943,95.00321,93.76555,95.72066,95.09244,,,,,,,,98.39989,97.9736,97.69998,98.28723,,
Sudan,SDN,,,,,,,,,,,,,,,,,,,,,,,,,,,,,,,,,,,,,,,,,,58.74802,55.15486,56.05531,56.31639,56.97478,59.17542,61.69883,,,
Suriname,SUR,,,,,,,,94.63652,96.01222,,,,,,,98.82753,,98.46917,98.63856,,,,,,,,,,,,,,,,,82.56368,84.51888,82.64389,88.45061,91.56642,89.82359,87.98702,88.44554,88.04086,87.6045,89.26191,90.47281,86.07316,86.02531,,
Sweden,SWE,,,,,,,99.43542,,,,,,96.2125,,,,,98.16774,98.41821,98.77628,99.51596,99.72395,99.83868,99.63522,99.89829,98.83807,99.80345,99.82815,,99.77019,99.42556,99.725,99.52891,99.10242,96.88686,95.39294,95.0788,96.25158,98.43535,99.3342,99.38254,99.47878,99.60119,99.67041,99.70495,99.6353,99.60466,99.42418,,,
Switzerland,CHE,,,,,,,,75.95415,76.45086,,,77.33552,77.28593,76.90481,76.37395,76.31341,76.72948,77.92634,79.7278,81.80276,83.53766,84.35829,84.41117,83.62288,82.74739,89.20925,91.15135,,,99.48229,99.29619,99.2228,99.22462,99.22777,,,,,,,99.36642,99.49716,99.46339,99.63108,99.64999,99.62628,99.75942,99.6231,,,
Syrian Arab R,SYR,,72.8804,,81.93558,83.57957,83.73304,84.46257,85.35489,85.05841,84.88067,85.78521,85.79782,86.06373,86.49661,88.33161,89.81324,91.45233,94.83507,94.70753,95.03837,94.73268,95.76462,96.16329,96.20813,96.43579,96.46908,96.37966,95.58284,96.59874,96.52878,96.86077,97.52997,97.70379,98.37998,98.99464,99.19218,99.05997,98.97107,99.03782,98.9401,98.94972,,,72.24962,,,,,,,
UAE,ARE,,,,,,,,,79.68499,,76.15229,73.20257,78.237,73.66271,73.48471,73.12173,73.86725,84.85019,88.24281,93.00106,96.9068,97.42814,93.98811,90.43338,88.41546,88.89034,86.05468,82.45285,82.99068,,,,,,,,,93.69753,,,,,93.23711,,97.65242,99.89207,99.40189,98.74312,,,
UK,GBR,,98.18254,97.3134,96.35756,95.86765,95.78484,95.87591,96.19219,96.26426,96.43068,97.7863,97.65796,96.70084,95.11314,94.64484,93.57046,95.18731,98.01106,99.67916,99.71212,99.78913,98.18471,96.65488,,,,,,99.908,99.94032,99.94481,99.93639,99.82263,99.90834,99.40875,99.9966,99.63869,97.76573,98.87983,98.07041,98.19652,98.13593,98.36969,99.72458,99.89948,99.93433,99.65208,99.56963,,,
West Bank and Gaza,PSE,,,,,,,,,,,,,,,,,,,,,,,,,,,,,,90.34908,90.9118,89.06669,88.89319,88.07371,86.09314,83.66408,84.21418,83.9951,86.10976,88.06193,89.64119,90.86764,94.12444,94.5785,95.70712,95.36596,95.77247,97.19359,97.10722,,
World,WLD,,,,,,,,,,,,,,,,,,,,,,,,,,,,,,,,,,,,,,89.74708,,89.88673,89.73896,89.76079,90.09036,90.28756,90.44798,90.30999,90.5136,90.48209,90.45493,,
"Togo, R",TGO,,51.37061,52.37885,,,,,,70.40387,71.61063,71.90201,,69.25949,66.86987,59.87843,58.02037,53.56068,62.64358,63.0018,63.21882,64.38609,66.91344,,,63.24378,72.19138,79.91571,77.78246,,88.63636,87.36033,90.26984,91.00874,91.12596,92.10259,92.44008,93.33284,90.31475,91.31586,,,,,,92.15809,94.05241,,92.61436,94.692,,
"Thailand, K",THA,,,,75.51095,75.91348,,,,,,,,,,,,,,,,,,,,,,,,,,,,,,,,98.91908,98.49881,97.95392,98.08255,,,,,,,,,,,
"Tajikistan, R",TJK,,,,,,,,,,,,,,,,,,,,,,,,,,,,,,,96.61952,96.1546,97.84296,97.85272,98.12003,98.31058,97.97853,98.36394,98.40756,98.63515,98.34242,98.24884,98.66478,99.21073,98.15556,97.5325,97.74311,99.09613,,,
"Timor Leste, DR",TLS,,,,,,,,,,,,,,,,,,,,,,,,,,,,,,,,,,,,,,,83.94402,89.88603,90.12248,92.90351,91.3672,91.833,92.54926,93.6077,93.97609,96.16468,95.41421,,
"Tonga, K",TON,87.6737,88.93176,94.77855,,89.42054,97.29007,,,,,,,98.73396,90.19538,98.89393,96.97644,96.76339,,,,92.29122,,,92.62748,,,,,94.01727,93.39222,,99.06624,,,98.1123,98.81118,98.90112,,,,,,98.69235,98.73577,,98.88343,,,,,
"Trinidad and Tobago, R",TTO,,93.10544,92.28757,91.5557,91.4091,92.25022,95.34003,96.04981,94.09735,89.40766,86.2554,91.30311,92.58563,92.57738,91.8715,92.15856,90.38142,92.40427,93.22378,91.84532,90.03117,89.61541,89.19696,88.31997,,,88.66688,88.48501,,97.89582,98.31055,97.77013,94.54249,95.92923,96.58373,93.66984,,96.88065,98.02162,98.35851,98.77982,,,,,,,,,,
"Tunisia, R",TUN,,77.81724,,,,75.72307,,,77.84231,79.28226,81.34724,83.07554,85.66261,88.7141,91.55791,92.39317,93.27848,93.81994,94.15208,94.54256,93.78617,94.78237,95.16143,95.99043,95.99787,96.22811,95.26425,94.13777,,94.14118,95.23478,97.08488,99.27495,98.96718,98.76455,98.74059,98.52099,97.54585,97.90199,98.53143,98.83586,98.82468,98.53917,98.84383,,,,,,,
"Turkey, R",TUR,,,,,84.99388,,,,,,,,,,,91.98281,92.91951,92.59654,94.28279,94.27289,96.02125,95.3153,95.50193,93.07021,92.24939,91.64519,,92.04438,,94.97874,95.8553,96.39444,96.71826,97.15144,97.47864,97.79379,98.05813,98.52059,97.74906,95.35128,96.21583,95.21277,93.8012,93.43299,94.71143,94.73559,94.14611,94.8769,,,
"Tuvalu, Island",TUV,,,,,,,,,,,,,,,,,,,,,,,,,,,,,,,,,,,,,,,,,,,,,91.13667,94.70154,87.89088,,,,
"Tanzania, UR",TZA,,,,,,,48.42576,,,,70.31534,69.10873,64.27174,63.08491,59.91207,57.07667,55.78313,54.35093,52.73154,52.67746,52.04343,51.36883,51.46872,50.6785,49.44943,49.3284,49.47382,49.9158,49.44674,49.91991,53.56517,58.15997,73.12778,81.66678,86.22288,90.97495,96.90329,,99.0978,,92.61676,,87.50078,85.00963,83.32041,,84.56048,84.56329,82.35094,,
"Uganda, R",UGA,,,,,,,,,,37.61944,,41.43146,43.29865,,,,57.42981,,,,,,,,,,,,,,,,,,,,,,,,91.62249,94.77248,,95.64356,,,,,,,
Ukraine.,UKR,,,,,,,,,,,,,,,,,,,,,,,,,,,,,,,,,96.35774,90.118,89.78398,89.96799,88.80159,88.27053,87.97805,88.3536,90.80368,92.87756,93.62884,93.74377,91.99105,,,,,,
"Uruguay, RO",URY,,,,,,,,,,,,,,86.57582,86.83343,88.34618,88.76574,87.92619,,,,92.01323,93.94963,94.63315,93.01187,92.52999,92.04451,92.20082,,,,,,,,97.56265,99.93759,98.51344,99.74029,99.70305,99.8448,99.68926,99.66283,99.78567,96.9262,99.92276,99.91235,99.64057,,,
USA,USA,,,,,,,,,,,,,,,,,,,,,,,,,,,,,,,,,,,,99.43481,,,,,97.63436,96.38975,97.26517,97.50924,97.97434,94.60023,99.64003,95.55776,,,
"Uzbekistan, R",UZB,,,,,,,,,,,,,,,,,,,,,,,,,,,,,,,,,,,,,,92.70987,93.87396,90.8622,91.90801,92.69571,94.30893,95.6141,96.87748,97.16237,97.5543,98.59284,96.84487,,
St Vincent and the Grenadines,VCT,,,,,,,,,,,,,,,93.68442,,96.97578,,,,,,,,99.48393,,,,,,98.18763,,99.00392,99.40047,99.32057,98.2209,,98.75979,98.18082,99.28309,99.46461,99.23347,99.68904,96.87636,,97.95395,97.41197,98.49428,,,
"Venezuela, R",VEN,,74.91528,75.79483,75.95367,74.78064,75.52789,78.19822,79.39524,80.80097,81.7203,,,,,,,,,,,,,,,,,,,,86.88182,89.38185,93.94543,94.882,93.39222,93.52701,92.20674,92.8488,93.87701,92.01702,94.04567,94.85902,94.7808,94.63712,93.69849,93.43597,93.25251,91.20013,89.68011,,,
B. Virgin Islands,VGB,,,,,,,,,,,,,,88.77666,87.32153,97.74957,,,,,98.26091,99.64743,99.66632,,96.60036,,,,,98.021,83.77107,88.7281,97.93341,95.21401,,89.76744,88.73293,,,93.49986,,95.64685,94.40262,96.59166,93.82196,,,,,,
"Vietnam, SR",VNM,,,,,,,,97.36256,90.53762,,,93.9429,,,,91.42218,,,,,,,,,,,,,99.86392,99.62911,98.41237,97.02911,93.92612,,,91.37198,92.38438,,97.7951,99.01792,98.13881,99.40088,98.20156,100,,,,,,,
"Vanuatu, R",VUT,,,,,,,,,,,,85.08676,,,,,,,,75.10924,,,,,,,,,98.05453,97.64269,99.32524,99.56626,99.21647,99.66972,97.61705,99.14624,,,,,,,,,,92.14772,,,,,
"Samoa, Ind State",SAM,,,,,,,,,,,,,,,,,,,,,,,,,93.37603,,,,96.26239,92.69099,97.56589,97.62354,,,,,,98.36925,,99.73137,96.76932,95.02871,96.10841,,97.2898,97.3378,96.35006,96.20166,95.74675,,
"South Africa, R",ZAF,67.66915,,,,,,,,,,,,,,,,,,,,,87.11419,,,89.11627,89.7386,,,90.18257,91.34268,90.13609,91.01729,92.15813,93.51398,94.32623,94.48742,,,,,,,,,,95.64551,,92.44938,,,
"Yemen, R",YEM,,,,,,,,,,,,,,,,,,,,,,,,,,,,,,57.1541,,65.64795,,71.93769,74.80731,76.95619,,,77.17193,,82.16633,,85.51713,85.92765,,,84.39664,,,,
Zambia R,ZMB,,,76.32854,,,,79.03076,79.06834,78.00978,77.52895,77.49769,77.54903,77.42984,78.98378,80.04986,,81.30017,,79.22874,,,,,,72.80447,71.00091,,,68.28556,66.95896,66.94255,66.77464,69.81638,,82.63401,90.96693,89.24665,91.74412,92.16696,88.9414,86.01501,89.55993,90.88259,88.23347,,,,85.10354,,,
,,,,,,,,,,,,,,,,,,,,,,,,,,,,,,,,,,,,,,,,,,,,,,,,,,,,
1970,1995,2020,,,,,,,,,,,,,,,,,,,,,,,,,,,,,,,,,,,,,,,,,,,,,,,,,,
